Metric,Value
MAE,13434.27904740895
RMSE,14049.751393003067
MAPE,14.642329064177439
